Trans_ID,Product1,Product2,Product3
1,Bread,Butter,Dairy
2,Nachos,Butter,Dairy
3,Juice,Jam,Egg
4,Juice,Jam,Egg
5,Juice,Vegetable,Salad
6,Bread,Butter,Egg
7,Nachos,Salsa,Dairy
8,Bread,Jam,Egg
9,Juice,Jam,Egg
10,Fruits,Vegetable,Salad
11,Bread,Butter,Egg
12,Bread,Butter,Egg
13,Nachos,Salsa,Dairy
14,Juice,Jam,Egg
15,Juice,Jam,Egg
16,Nachos,Salsa,Egg
17,Nachos,Salsa,Dairy
18,Bread,Butter,Egg
19,Bread,Jam,Dairy
20,Bread,Butter,Egg
21,Juice,Jam,Egg
22,Bread,Butter,Egg
23,Bread,Jam,Dairy
24,Juice,Jam,Egg
25,Juice,Jam,Egg
26,Juice,Vegetable,Salad
27,Juice,Jam,Egg
28,Bread,Jam,Dairy
29,Juice,Vegetable,Salad
30,Juice,Jam,Egg
31,Bread,Butter,Egg
32,Juice,Jam,Egg
33,Fruits,Vegetable,Salad
34,Bread,Butter,Egg
35,Bread,Butter,Egg
36,Bread,Jam,Dairy
37,Fruits,Vegetable,Salad
38,Bread,Butter,Dairy
39,Juice,Jam,Egg
40,Bread,Jam,Dairy
41,Bread,Jam,Dairy
42,Bread,Jam,Dairy
43,Nachos,Salsa,Dairy
44,Nachos,Salsa,Dairy
45,Fruits,Vegetable,Salad
46,Juice,Jam,Egg
47,Juice,Jam,Egg
48,Bread,Butter,Egg
49,Bread,Jam,Dairy
50,Juice,Vegetable,Salad
51,Bread,Jam,Dairy
52,Fruits,Vegetable,Salad
53,Fruits,Vegetable,Salad
54,Nachos,Salsa,Dairy
55,Bread,Jam,Egg
56,Juice,Jam,Egg
57,Fruits,Vegetable,Salad
58,Fruits,Vegetable,Salad
59,Bread,Butter,Egg
60,Bread,Jam,Dairy
61,Nachos,Butter,Dairy
62,Bread,Butter,Egg
63,Nachos,Salsa,Egg
64,Fruits,Jam,Salad
65,Bread,Butter,Egg
66,Bread,Jam,Egg
67,Nachos,Salsa,Egg
68,Nachos,Salsa,Egg
69,Juice,Vegetable,Egg
70,Bread,Butter,Egg
71,Fruits,Vegetable,Salad
72,Juice,Vegetable,Salad
73,Juice,Vegetable,Salad
74,Nachos,Salsa,Dairy
75,Nachos,Salsa,Dairy
76,Juice,Jam,Egg
77,Bread,Butter,Egg
78,Juice,Jam,Egg
79,Bread,Butter,Egg
80,Bread,Butter,Egg
81,Fruits,Vegetable,Salad
82,Nachos,Salsa,Dairy
83,Nachos,Salsa,Dairy
84,Nachos,Salsa,Egg
85,Juice,Jam,Egg
86,Bread,Butter,Egg
87,Bread,Butter,Egg
88,Juice,Jam,Egg
89,Bread,Jam,Dairy
90,Nachos,Butter,Dairy
91,Juice,Jam,Egg
92,Nachos,Salsa,Dairy
93,Bread,Jam,Dairy
94,Bread,Butter,Dairy
95,Bread,Butter,Egg
96,Bread,Butter,Egg
97,Bread,Jam,Egg
98,Juice,Jam,Egg
99,Bread,Butter,Egg
100,Juice,Jam,Egg
101,Nachos,Salsa,Egg
102,Bread,Butter,Dairy
103,Bread,Butter,Egg
104,Nachos,Salsa,Dairy
105,Nachos,Salsa,Egg
106,Juice,Jam,Egg
107,Bread,Butter,Egg
108,Juice,Jam,Egg
109,Fruits,Vegetable,Salad
110,Nachos,Salsa,Egg
111,Nachos,Salsa,Dairy
112,Juice,Jam,Egg
113,Juice,Jam,Egg
114,Juice,Jam,Egg
115,Juice,Jam,Egg
116,Nachos,Salsa,Egg
117,Juice,Jam,Egg
118,Bread,Butter,Egg
119,Fruits,Vegetable,Salad
120,Nachos,Salsa,Egg
121,Bread,Jam,Dairy
122,Juice,Jam,Egg
123,Bread,Butter,Egg
124,Nachos,Salsa,Egg
125,Fruits,Vegetable,Salad
126,Bread,Butter,Egg
127,Nachos,Salsa,Egg
128,Juice,Jam,Egg
129,Fruits,Vegetable,Salad
130,Fruits,Vegetable,Salad
131,Bread,Butter,Egg
132,Bread,Butter,Egg
133,Bread,Jam,Egg
134,Bread,Butter,Egg
135,Bread,Butter,Dairy
136,Bread,Jam,Dairy
137,Bread,Jam,Dairy
138,Bread,Jam,Dairy
139,Nachos,Salsa,Egg
140,Nachos,Salsa,Dairy
141,Juice,Jam,Egg
142,Juice,Jam,Egg
143,Bread,Butter,Egg
144,Bread,Jam,Dairy
145,Juice,Jam,Egg
146,Fruits,Vegetable,Salad
147,Nachos,Salsa,Egg
148,Fruits,Vegetable,Salad
149,Fruits,Vegetable,Salad
150,Nachos,Salsa,Egg
151,Bread,Jam,Dairy
152,Bread,Butter,Egg
153,Bread,Butter,Egg
154,Bread,Butter,Egg
155,Bread,Butter,Egg
156,Fruits,Vegetable,Salad
157,Fruits,Vegetable,Salad
158,Nachos,Salsa,Egg
159,Juice,Jam,Egg
160,Nachos,Salsa,Dairy
161,Bread,Jam,Egg
162,Bread,Jam,Egg
163,Bread,Butter,Egg
164,Bread,Butter,Egg
165,Nachos,Salsa,Dairy
166,Fruits,Vegetable,Salad
167,Fruits,Vegetable,Salad
168,Juice,Jam,Egg
169,Juice,Jam,Egg
170,Fruits,Vegetable,Salad
171,Nachos,Salsa,Dairy
172,Bread,Butter,Egg
173,Bread,Butter,Egg
174,Juice,Jam,Egg
175,Bread,Butter,Egg
176,Juice,Jam,Egg
177,Juice,Jam,Egg
178,Bread,Jam,Dairy
179,Bread,Butter,Egg
180,Juice,Jam,Egg
181,Fruits,Vegetable,Salad
182,Fruits,Vegetable,Salad
183,Fruits,Jam,Salad
184,Nachos,Salsa,Dairy
185,Nachos,Salsa,Egg
186,Nachos,Salsa,Egg
187,Juice,Jam,Egg
188,Fruits,Vegetable,Salad
189,Nachos,Salsa,Egg
190,Juice,Jam,Egg
191,Bread,Jam,Dairy
192,Nachos,Salsa,Egg
193,Bread,Jam,Dairy
194,Juice,Vegetable,Salad
195,Bread,Jam,Egg
196,Juice,Jam,Egg
197,Nachos,Salsa,Dairy
198,Nachos,Salsa,Egg
199,Bread,Butter,Egg
200,Bread,Jam,Dairy
201,Bread,Jam,Dairy
202,Juice,Jam,Egg
203,Fruits,Vegetable,Salad
204,Bread,Butter,Egg
205,Fruits,Vegetable,Salad
206,Fruits,Vegetable,Salad
207,Bread,Butter,Egg
208,Nachos,Salsa,Dairy
209,Juice,Vegetable,Salad
210,Juice,Vegetable,Salad
211,Bread,Butter,Egg
212,Nachos,Salsa,Egg
213,Juice,Vegetable,Salad
214,Bread,Butter,Egg
215,Nachos,Salsa,Egg
216,Juice,Jam,Egg
217,Fruits,Vegetable,Salad
218,Bread,Butter,Egg
219,Nachos,Salsa,Egg
220,Bread,Jam,Egg
221,Bread,Salsa,Dairy
222,Nachos,Salsa,Egg
223,Fruits,Vegetable,Salad
224,Bread,Jam,Dairy
225,Juice,Jam,Egg
226,Bread,Butter,Egg
227,Bread,Butter,Egg
228,Nachos,Salsa,Dairy
229,Bread,Jam,Dairy
230,Bread,Butter,Dairy
231,Bread,Jam,Dairy
232,Juice,Vegetable,Salad
233,Fruits,Vegetable,Salad
234,Bread,Butter,Egg
235,Bread,Butter,Egg
236,Nachos,Salsa,Dairy
237,Nachos,Salsa,Egg
238,Bread,Butter,Egg
239,Juice,Jam,Egg
240,Bread,Jam,Dairy
241,Juice,Vegetable,Salad
242,Nachos,Butter,Dairy
243,Fruits,Vegetable,Salad
244,Bread,Butter,Egg
245,Juice,Jam,Egg
246,Bread,Jam,Dairy
247,Fruits,Vegetable,Salad
248,Bread,Jam,Dairy
249,Juice,Jam,Egg
250,Nachos,Butter,Dairy
251,Juice,Jam,Egg
252,Fruits,Vegetable,Salad
253,Bread,Butter,Egg
254,Bread,Butter,Egg
255,Bread,Jam,Dairy
256,Juice,Vegetable,Salad
257,Bread,Butter,Egg
258,Nachos,Salsa,Egg
259,Nachos,Salsa,Egg
260,Nachos,Salsa,Egg
261,Bread,Butter,Egg
262,Bread,Butter,Egg
263,Juice,Vegetable,Salad
264,Juice,Jam,Egg
265,Nachos,Salsa,Dairy
266,Fruits,Vegetable,Salad
267,Bread,Butter,Egg
268,Bread,Butter,Egg
269,Nachos,Butter,Dairy
270,Nachos,Salsa,Egg
271,Nachos,Salsa,Egg
272,Bread,Butter,Egg
273,Bread,Butter,Egg
274,Juice,Vegetable,Salad
275,Nachos,Salsa,Dairy
276,Fruits,Vegetable,Salad
277,Nachos,Salsa,Egg
278,Juice,Jam,Egg
279,Nachos,Butter,Dairy
280,Bread,Jam,Egg
281,Fruits,Vegetable,Salad
282,Fruits,Vegetable,Salad
283,Juice,Jam,Egg
284,Juice,Jam,Egg
285,Nachos,Salsa,Dairy
286,Bread,Jam,Egg
287,Juice,Vegetable,Salad
288,Fruits,Vegetable,Salad
289,Bread,Butter,Egg
290,Fruits,Jam,Salad
291,Bread,Butter,Egg
292,Juice,Jam,Egg
293,Nachos,Butter,Dairy
294,Nachos,Butter,Dairy
295,Bread,Butter,Egg
296,Juice,Jam,Egg
297,Bread,Butter,Egg
298,Juice,Jam,Egg
299,Nachos,Salsa,Egg
300,Juice,Vegetable,Egg
301,Bread,Butter,Egg
302,Nachos,Butter,Dairy
303,Juice,Jam,Egg
304,Juice,Jam,Egg
305,Nachos,Salsa,Egg
306,Bread,Jam,Dairy
307,Nachos,Salsa,Egg
308,Juice,Jam,Egg
309,Nachos,Salsa,Egg
310,Juice,Jam,Egg
311,Bread,Jam,Dairy
312,Bread,Jam,Egg
313,Juice,Vegetable,Egg
314,Bread,Butter,Egg
315,Bread,Butter,Egg
316,Bread,Jam,Dairy
317,Juice,Jam,Egg
318,Bread,Butter,Egg
319,Nachos,Butter,Dairy
320,Fruits,Vegetable,Salad
321,Nachos,Salsa,Egg
322,Nachos,Salsa,Dairy
323,Bread,Butter,Egg
324,Juice,Jam,Egg
325,Fruits,Vegetable,Salad
326,Nachos,Salsa,Egg
327,Juice,Jam,Egg
328,Bread,Salsa,Dairy
329,Nachos,Butter,Dairy
330,Bread,Jam,Dairy
331,Fruits,Vegetable,Salad
332,Bread,Butter,Egg
333,Nachos,Salsa,Egg
334,Fruits,Vegetable,Salad
335,Nachos,Salsa,Dairy
336,Nachos,Butter,Dairy
337,Bread,Butter,Egg
338,Nachos,Butter,Dairy
339,Juice,Jam,Egg
340,Juice,Jam,Egg
341,Nachos,Salsa,Egg
342,Fruits,Vegetable,Salad
343,Bread,Butter,Egg
344,Bread,Jam,Egg
345,Bread,Butter,Egg
346,Nachos,Salsa,Dairy
347,Bread,Jam,Egg
348,Bread,Butter,Dairy
349,Nachos,Salsa,Egg
350,Juice,Jam,Egg
351,Bread,Butter,Egg
352,Juice,Jam,Egg
353,Fruits,Vegetable,Salad
354,Juice,Jam,Egg
355,Fruits,Vegetable,Salad
356,Nachos,Butter,Dairy
357,Bread,Jam,Dairy
358,Bread,Jam,Dairy
359,Bread,Butter,Egg
360,Bread,Butter,Egg
361,Fruits,Vegetable,Salad
362,Fruits,Vegetable,Salad
363,Bread,Jam,Dairy
364,Fruits,Vegetable,Salad
365,Nachos,Butter,Dairy
366,Fruits,Vegetable,Salad
367,Bread,Salsa,Dairy
368,Nachos,Butter,Dairy
369,Bread,Jam,Egg
370,Bread,Jam,Dairy
371,Bread,Butter,Egg
372,Nachos,Salsa,Dairy
373,Fruits,Vegetable,Salad
374,Nachos,Salsa,Egg
375,Bread,Jam,Dairy
376,Nachos,Butter,Dairy
377,Juice,Jam,Egg
378,Juice,Jam,Egg
379,Fruits,Vegetable,Salad
380,Bread,Butter,Egg
381,Bread,Butter,Egg
382,Bread,Butter,Egg
383,Bread,Butter,Egg
384,Fruits,Vegetable,Salad
385,Fruits,Vegetable,Salad
386,Bread,Butter,Egg
387,Bread,Jam,Dairy
388,Juice,Jam,Egg
389,Bread,Butter,Egg
390,Bread,Jam,Dairy
391,Nachos,Butter,Dairy
392,Bread,Jam,Dairy
393,Bread,Butter,Egg
394,Bread,Jam,Egg
395,Bread,Butter,Egg
396,Bread,Butter,Egg
397,Nachos,Salsa,Egg
398,Bread,Jam,Dairy
399,Juice,Vegetable,Salad
400,Fruits,Vegetable,Salad
401,Bread,Butter,Egg
402,Fruits,Vegetable,Salad
403,Fruits,Vegetable,Salad
404,Bread,Butter,Egg
405,Bread,Butter,Egg
406,Bread,Butter,Egg
407,Bread,Butter,Egg
408,Nachos,Butter,Dairy
409,Juice,Jam,Egg
410,Bread,Butter,Egg
411,Bread,Jam,Egg
412,Juice,Jam,Egg
413,Bread,Butter,Egg
414,Nachos,Salsa,Dairy
415,Fruits,Vegetable,Salad
416,Nachos,Salsa,Dairy
417,Nachos,Salsa,Egg
418,Juice,Jam,Egg
419,Bread,Butter,Egg
420,Nachos,Salsa,Egg
421,Juice,Jam,Egg
422,Bread,Butter,Egg
423,Fruits,Vegetable,Salad
424,Nachos,Salsa,Egg
425,Bread,Butter,Egg
426,Nachos,Salsa,Egg
427,Juice,Vegetable,Salad
428,Juice,Jam,Egg
429,Juice,Jam,Egg
430,Bread,Jam,Egg
431,Juice,Jam,Egg
432,Nachos,Salsa,Egg
433,Juice,Jam,Egg
434,Bread,Butter,Egg
435,Bread,Butter,Egg
436,Bread,Butter,Egg
437,Nachos,Salsa,Dairy
438,Juice,Jam,Egg
439,Nachos,Salsa,Egg
440,Juice,Jam,Egg
441,Nachos,Salsa,Egg
442,Nachos,Butter,Dairy
443,Bread,Jam,Egg
444,Bread,Butter,Egg
445,Juice,Jam,Egg
446,Nachos,Salsa,Egg
447,Fruits,Vegetable,Salad
448,Bread,Jam,Dairy
449,Juice,Jam,Egg
450,Fruits,Vegetable,Salad
451,Bread,Butter,Egg
452,Juice,Jam,Egg
453,Bread,Jam,Dairy
454,Fruits,Vegetable,Salad
455,Nachos,Salsa,Dairy
456,Bread,Jam,Egg
457,Juice,Jam,Egg
458,Bread,Butter,Egg
459,Juice,Jam,Egg
460,Juice,Jam,Egg
461,Nachos,Butter,Dairy
462,Fruits,Vegetable,Salad
463,Fruits,Vegetable,Salad
464,Bread,Salsa,Dairy
465,Nachos,Butter,Dairy
466,Fruits,Vegetable,Salad
467,Nachos,Salsa,Dairy
468,Nachos,Salsa,Dairy
469,Nachos,Butter,Dairy
470,Juice,Jam,Egg
471,Bread,Butter,Egg
472,Bread,Butter,Egg
473,Nachos,Salsa,Dairy
474,Juice,Jam,Egg
475,Nachos,Salsa,Egg
476,Bread,Jam,Egg
477,Bread,Butter,Egg
478,Juice,Vegetable,Salad
479,Nachos,Salsa,Egg
480,Juice,Jam,Egg
481,Fruits,Jam,Salad
482,Fruits,Vegetable,Salad
483,Nachos,Salsa,Egg
484,Juice,Jam,Egg
485,Bread,Butter,Egg
486,Nachos,Salsa,Dairy
487,Juice,Vegetable,Egg
488,Bread,Butter,Dairy
489,Nachos,Salsa,Egg
490,Fruits,Vegetable,Salad
491,Juice,Jam,Egg
492,Fruits,Vegetable,Salad
493,Fruits,Vegetable,Salad
494,Nachos,Salsa,Egg
495,Juice,Jam,Egg
496,Fruits,Vegetable,Salad
497,Bread,Butter,Egg
498,Bread,Butter,Egg
499,Juice,Jam,Egg
500,Bread,Jam,Dairy
501,Nachos,Salsa,Dairy
502,Bread,Jam,Dairy
503,Bread,Jam,Dairy
504,Juice,Jam,Egg
505,Juice,Jam,Egg
506,Juice,Jam,Egg
507,Bread,Jam,Dairy
508,Juice,Jam,Egg
509,Bread,Jam,Egg
510,Nachos,Salsa,Egg
511,Juice,Jam,Egg
512,Bread,Butter,Egg
513,Bread,Butter,Egg
514,Nachos,Salsa,Dairy
515,Juice,Jam,Egg
516,Juice,Vegetable,Salad
517,Nachos,Salsa,Dairy
518,Nachos,Salsa,Egg
519,Bread,Jam,Dairy
520,Fruits,Vegetable,Salad
521,Bread,Jam,Dairy
522,Bread,Butter,Egg
523,Fruits,Vegetable,Salad
524,Bread,Butter,Egg
525,Juice,Jam,Egg
526,Nachos,Salsa,Egg
527,Bread,Jam,Dairy
528,Juice,Jam,Egg
529,Nachos,Salsa,Egg
530,Fruits,Vegetable,Salad
531,Juice,Vegetable,Salad
532,Fruits,Vegetable,Salad
533,Bread,Jam,Dairy
534,Juice,Jam,Egg
535,Fruits,Vegetable,Salad
536,Nachos,Salsa,Dairy
537,Bread,Jam,Dairy
538,Nachos,Salsa,Egg
539,Fruits,Vegetable,Salad
540,Bread,Butter,Egg
541,Fruits,Vegetable,Salad
542,Juice,Jam,Egg
543,Fruits,Vegetable,Salad
544,Nachos,Salsa,Egg
545,Juice,Jam,Egg
546,Fruits,Vegetable,Salad
547,Bread,Jam,Egg
548,Nachos,Salsa,Egg
549,Nachos,Butter,Dairy
550,Nachos,Salsa,Egg
551,Bread,Jam,Egg
552,Bread,Jam,Egg
553,Fruits,Vegetable,Salad
554,Bread,Butter,Egg
555,Bread,Butter,Egg
556,Bread,Butter,Egg
557,Bread,Butter,Egg
558,Nachos,Salsa,Egg
559,Nachos,Salsa,Egg
560,Fruits,Vegetable,Salad
561,Bread,Butter,Egg
562,Nachos,Salsa,Dairy
563,Juice,Jam,Egg
564,Juice,Jam,Egg
565,Juice,Jam,Egg
566,Fruits,Vegetable,Salad
567,Bread,Butter,Egg
568,Juice,Vegetable,Salad
569,Fruits,Vegetable,Salad
570,Bread,Butter,Dairy
571,Nachos,Butter,Dairy
572,Juice,Vegetable,Salad
573,Bread,Butter,Egg
574,Bread,Jam,Egg
575,Juice,Jam,Egg
576,Nachos,Salsa,Dairy
577,Fruits,Vegetable,Salad
578,Fruits,Vegetable,Salad
579,Nachos,Salsa,Egg
580,Bread,Butter,Egg
581,Nachos,Salsa,Egg
582,Juice,Jam,Egg
583,Juice,Jam,Egg
584,Bread,Butter,Egg
585,Bread,Butter,Egg
586,Nachos,Salsa,Egg
587,Bread,Jam,Egg
588,Juice,Jam,Egg
589,Bread,Butter,Egg
590,Bread,Butter,Egg
591,Fruits,Vegetable,Salad
592,Nachos,Salsa,Dairy
593,Nachos,Salsa,Egg
594,Bread,Butter,Egg
595,Juice,Vegetable,Salad
596,Fruits,Vegetable,Salad
597,Bread,Butter,Egg
598,Bread,Butter,Egg
599,Juice,Jam,Egg
600,Bread,Salsa,Dairy
601,Bread,Jam,Egg
602,Fruits,Vegetable,Salad
603,Nachos,Salsa,Dairy
604,Fruits,Jam,Salad
605,Nachos,Salsa,Egg
606,Juice,Jam,Egg
607,Fruits,Vegetable,Salad
608,Juice,Jam,Egg
609,Bread,Butter,Egg
610,Bread,Jam,Egg
611,Juice,Jam,Egg
612,Fruits,Vegetable,Salad
613,Nachos,Salsa,Egg
614,Fruits,Vegetable,Salad
615,Bread,Butter,Egg
616,Fruits,Vegetable,Salad
617,Nachos,Salsa,Egg
618,Fruits,Vegetable,Salad
619,Juice,Jam,Egg
620,Nachos,Salsa,Dairy
621,Nachos,Salsa,Dairy
622,Bread,Jam,Dairy
623,Bread,Jam,Dairy
624,Fruits,Vegetable,Salad
625,Bread,Jam,Egg
626,Bread,Jam,Dairy
627,Fruits,Vegetable,Salad
628,Juice,Jam,Egg
629,Bread,Butter,Egg
630,Bread,Butter,Egg
631,Bread,Butter,Egg
632,Nachos,Salsa,Egg
633,Bread,Jam,Dairy
634,Fruits,Jam,Salad
635,Fruits,Vegetable,Salad
636,Bread,Jam,Dairy
637,Bread,Jam,Dairy
638,Fruits,Vegetable,Salad
639,Nachos,Salsa,Egg
640,Bread,Jam,Dairy
641,Fruits,Vegetable,Salad
642,Nachos,Salsa,Egg
643,Bread,Butter,Egg
644,Nachos,Salsa,Egg
645,Juice,Jam,Egg
646,Juice,Vegetable,Salad
647,Bread,Jam,Dairy
648,Bread,Butter,Dairy
649,Juice,Jam,Egg
650,Nachos,Salsa,Egg
651,Nachos,Salsa,Egg
652,Juice,Jam,Egg
653,Fruits,Vegetable,Salad
654,Juice,Jam,Egg
655,Juice,Jam,Egg
656,Fruits,Vegetable,Salad
657,Juice,Vegetable,Salad
658,Juice,Jam,Egg
659,Juice,Jam,Egg
660,Bread,Butter,Egg
661,Fruits,Vegetable,Salad
662,Fruits,Vegetable,Salad
663,Bread,Butter,Egg
664,Juice,Jam,Egg
665,Nachos,Salsa,Egg
666,Nachos,Salsa,Egg
667,Juice,Jam,Egg
668,Bread,Butter,Egg
669,Bread,Butter,Egg
670,Nachos,Salsa,Dairy
671,Nachos,Butter,Dairy
672,Bread,Butter,Dairy
673,Fruits,Vegetable,Salad
674,Fruits,Vegetable,Salad
675,Bread,Jam,Egg
676,Nachos,Salsa,Egg
677,Nachos,Salsa,Dairy
678,Juice,Jam,Egg
679,Nachos,Salsa,Egg
680,Fruits,Vegetable,Salad
681,Bread,Butter,Egg
682,Bread,Jam,Dairy
683,Juice,Vegetable,Salad
684,Fruits,Vegetable,Salad
685,Bread,Butter,Egg
686,Juice,Jam,Egg
687,Bread,Jam,Dairy
688,Bread,Jam,Egg
689,Juice,Jam,Egg
690,Fruits,Jam,Salad
691,Nachos,Salsa,Egg
692,Fruits,Vegetable,Salad
693,Juice,Jam,Egg
694,Juice,Jam,Egg
695,Fruits,Vegetable,Salad
696,Nachos,Salsa,Egg
697,Bread,Butter,Egg
698,Juice,Jam,Egg
699,Juice,Vegetable,Salad
700,Fruits,Vegetable,Salad
701,Bread,Jam,Egg
702,Juice,Jam,Egg
703,Nachos,Salsa,Egg
704,Nachos,Salsa,Dairy
705,Juice,Jam,Egg
706,Juice,Vegetable,Salad
707,Fruits,Vegetable,Salad
708,Bread,Butter,Egg
709,Bread,Butter,Egg
710,Fruits,Vegetable,Salad
711,Bread,Jam,Egg
712,Fruits,Vegetable,Salad
713,Juice,Jam,Egg
714,Bread,Jam,Egg
715,Fruits,Vegetable,Salad
716,Bread,Jam,Dairy
717,Nachos,Salsa,Dairy
718,Juice,Jam,Egg
719,Fruits,Vegetable,Salad
720,Fruits,Vegetable,Salad
721,Fruits,Vegetable,Salad
722,Bread,Jam,Egg
723,Bread,Butter,Egg
724,Bread,Butter,Egg
725,Fruits,Vegetable,Salad
726,Bread,Butter,Egg
727,Fruits,Vegetable,Salad
728,Bread,Jam,Egg
729,Bread,Butter,Egg
730,Fruits,Vegetable,Salad
731,Bread,Butter,Egg
732,Nachos,Salsa,Egg
733,Fruits,Jam,Salad
734,Nachos,Salsa,Egg
735,Nachos,Salsa,Egg
736,Juice,Jam,Egg
737,Nachos,Salsa,Egg
738,Bread,Jam,Dairy
739,Bread,Butter,Egg
740,Bread,Jam,Egg
741,Bread,Butter,Egg
742,Juice,Jam,Egg
743,Nachos,Salsa,Egg
744,Juice,Jam,Egg
745,Nachos,Salsa,Egg
746,Nachos,Salsa,Dairy
747,Nachos,Salsa,Egg
748,Juice,Jam,Egg
749,Bread,Jam,Egg
750,Juice,Jam,Egg
751,Bread,Jam,Egg
752,Fruits,Vegetable,Salad
753,Nachos,Salsa,Egg
754,Fruits,Jam,Salad
755,Bread,Butter,Egg
756,Nachos,Salsa,Egg
757,Bread,Butter,Egg
758,Bread,Butter,Egg
759,Juice,Jam,Egg
760,Juice,Vegetable,Salad
761,Nachos,Salsa,Egg
762,Bread,Salsa,Dairy
763,Nachos,Salsa,Dairy
764,Bread,Butter,Egg
765,Juice,Jam,Egg
766,Bread,Butter,Egg
767,Bread,Butter,Egg
768,Nachos,Butter,Dairy
769,Bread,Jam,Dairy
770,Bread,Butter,Egg
771,Bread,Butter,Egg
772,Bread,Butter,Egg
773,Fruits,Vegetable,Salad
774,Fruits,Vegetable,Salad
775,Bread,Butter,Egg
776,Bread,Butter,Egg
777,Bread,Butter,Egg
778,Nachos,Butter,Dairy
779,Fruits,Vegetable,Salad
780,Juice,Jam,Egg
781,Juice,Jam,Egg
782,Nachos,Salsa,Dairy
783,Bread,Jam,Egg
784,Fruits,Vegetable,Salad
785,Juice,Jam,Egg
786,Fruits,Vegetable,Salad
787,Bread,Butter,Egg
788,Nachos,Salsa,Dairy
789,Bread,Jam,Dairy
790,Bread,Butter,Egg
791,Bread,Jam,Dairy
792,Nachos,Butter,Dairy
793,Bread,Jam,Egg
794,Bread,Butter,Egg
795,Nachos,Salsa,Egg
796,Fruits,Vegetable,Salad
797,Fruits,Vegetable,Salad
798,Nachos,Salsa,Egg
799,Bread,Butter,Egg
800,Bread,Butter,Egg
801,Bread,Butter,Dairy
802,Fruits,Vegetable,Salad
803,Bread,Jam,Egg
804,Juice,Jam,Egg
805,Nachos,Salsa,Egg
806,Nachos,Salsa,Egg
807,Juice,Jam,Egg
808,Bread,Butter,Egg
809,Bread,Butter,Egg
810,Bread,Butter,Egg
811,Bread,Butter,Egg
812,Bread,Jam,Dairy
813,Fruits,Vegetable,Salad
814,Fruits,Jam,Salad
815,Bread,Jam,Egg
816,Juice,Vegetable,Salad
817,Nachos,Salsa,Egg
818,Nachos,Salsa,Egg
819,Fruits,Vegetable,Salad
820,Fruits,Vegetable,Salad
821,Bread,Butter,Egg
822,Bread,Jam,Dairy
823,Bread,Jam,Dairy
824,Juice,Jam,Egg
825,Nachos,Salsa,Dairy
826,Bread,Butter,Egg
827,Juice,Jam,Egg
828,Fruits,Vegetable,Salad
829,Bread,Butter,Egg
830,Juice,Vegetable,Salad
831,Bread,Butter,Egg
832,Fruits,Vegetable,Salad
833,Nachos,Salsa,Egg
834,Juice,Jam,Egg
835,Nachos,Salsa,Dairy
836,Fruits,Vegetable,Salad
837,Fruits,Vegetable,Salad
838,Juice,Jam,Egg
839,Nachos,Salsa,Egg
840,Fruits,Vegetable,Salad
841,Bread,Jam,Egg
842,Fruits,Vegetable,Salad
843,Juice,Jam,Egg
844,Nachos,Salsa,Dairy
845,Fruits,Vegetable,Salad
846,Bread,Butter,Egg
847,Nachos,Salsa,Egg
848,Fruits,Vegetable,Salad
849,Juice,Jam,Egg
850,Nachos,Salsa,Egg
851,Bread,Jam,Egg
852,Bread,Salsa,Dairy
853,Fruits,Vegetable,Salad
854,Juice,Jam,Egg
855,Bread,Butter,Egg
856,Fruits,Vegetable,Salad
857,Nachos,Salsa,Egg
858,Fruits,Vegetable,Salad
859,Fruits,Vegetable,Salad
860,Fruits,Vegetable,Salad
861,Juice,Jam,Egg
862,Nachos,Salsa,Egg
863,Juice,Jam,Egg
864,Nachos,Butter,Dairy
865,Juice,Vegetable,Salad
866,Juice,Jam,Egg
867,Bread,Butter,Egg
868,Bread,Butter,Egg
869,Bread,Jam,Egg
870,Fruits,Vegetable,Salad
871,Bread,Butter,Egg
872,Juice,Jam,Egg
873,Fruits,Vegetable,Salad
874,Bread,Butter,Egg
875,Fruits,Vegetable,Salad
876,Bread,Jam,Egg
877,Juice,Jam,Egg
878,Nachos,Salsa,Dairy
879,Juice,Vegetable,Salad
880,Bread,Butter,Egg
881,Nachos,Butter,Dairy
882,Juice,Vegetable,Salad
883,Juice,Jam,Egg
884,Bread,Butter,Egg
885,Bread,Butter,Egg
886,Nachos,Salsa,Dairy
887,Juice,Jam,Egg
888,Bread,Jam,Egg
889,Juice,Jam,Egg
890,Juice,Jam,Egg
891,Fruits,Vegetable,Salad
892,Nachos,Salsa,Dairy
893,Juice,Jam,Egg
894,Fruits,Vegetable,Salad
895,Bread,Butter,Dairy
896,Bread,Butter,Egg
897,Fruits,Vegetable,Salad
898,Fruits,Vegetable,Salad
899,Fruits,Vegetable,Salad
900,Nachos,Butter,Dairy
901,Nachos,Salsa,Dairy
902,Juice,Jam,Egg
903,Nachos,Salsa,Egg
904,Nachos,Salsa,Dairy
905,Bread,Butter,Egg
906,Nachos,Butter,Dairy
907,Juice,Vegetable,Egg
908,Fruits,Vegetable,Salad
909,Nachos,Salsa,Egg
910,Nachos,Butter,Dairy
911,Bread,Butter,Egg
912,Nachos,Salsa,Egg
913,Nachos,Butter,Dairy
914,Bread,Salsa,Dairy
915,Bread,Jam,Dairy
916,Bread,Jam,Egg
917,Nachos,Butter,Dairy
918,Bread,Jam,Dairy
919,Bread,Butter,Egg
920,Bread,Butter,Egg
921,Nachos,Salsa,Egg
922,Nachos,Salsa,Dairy
923,Bread,Butter,Egg
924,Bread,Jam,Dairy
925,Juice,Vegetable,Salad
926,Fruits,Vegetable,Salad
927,Bread,Jam,Egg
928,Fruits,Vegetable,Salad
929,Juice,Jam,Egg
930,Bread,Butter,Egg
931,Bread,Jam,Egg
932,Juice,Jam,Egg
933,Juice,Jam,Egg
934,Juice,Jam,Egg
935,Bread,Butter,Dairy
936,Bread,Butter,Egg
937,Juice,Jam,Egg
938,Juice,Jam,Egg
939,Bread,Butter,Egg
940,Juice,Jam,Egg
941,Bread,Jam,Dairy
942,Nachos,Salsa,Egg
943,Fruits,Vegetable,Salad
944,Fruits,Vegetable,Salad
945,Nachos,Salsa,Dairy
946,Nachos,Salsa,Dairy
947,Bread,Jam,Dairy
948,Nachos,Salsa,Dairy
949,Nachos,Salsa,Egg
950,Nachos,Salsa,Egg
951,Fruits,Vegetable,Salad
952,Bread,Butter,Egg
953,Bread,Jam,Dairy
954,Nachos,Salsa,Dairy
955,Nachos,Salsa,Dairy
956,Bread,Butter,Egg
957,Bread,Butter,Egg
958,Bread,Jam,Dairy
959,Juice,Vegetable,Salad
960,Bread,Butter,Dairy
961,Bread,Jam,Dairy
962,Bread,Jam,Egg
963,Juice,Jam,Egg
964,Fruits,Vegetable,Salad
965,Fruits,Jam,Salad
966,Nachos,Salsa,Egg
967,Fruits,Jam,Salad
968,Bread,Jam,Dairy
969,Juice,Vegetable,Salad
970,Nachos,Salsa,Egg
971,Fruits,Vegetable,Salad
972,Fruits,Jam,Salad
973,Juice,Jam,Egg
974,Fruits,Vegetable,Salad
975,Juice,Jam,Egg
976,Fruits,Vegetable,Salad
977,Juice,Jam,Egg
978,Fruits,Vegetable,Salad
979,Bread,Butter,Egg
980,Juice,Vegetable,Egg
981,Bread,Jam,Dairy
982,Juice,Jam,Egg
983,Fruits,Vegetable,Salad
984,Bread,Butter,Egg
985,Nachos,Butter,Dairy
986,Bread,Jam,Egg
987,Bread,Butter,Egg
988,Bread,Jam,Dairy
989,Fruits,Vegetable,Salad
990,Nachos,Salsa,Egg
991,Juice,Jam,Egg
992,Fruits,Vegetable,Salad
993,Bread,Butter,Dairy
994,Nachos,Butter,Dairy
995,Bread,Jam,Dairy
996,Bread,Butter,Egg
997,Juice,Jam,Egg
998,Nachos,Salsa,Egg
999,Nachos,Salsa,Dairy
1000,Fruits,Vegetable,Salad
1001,Juice,Jam,Egg
1002,Nachos,Salsa,Dairy
1003,Nachos,Salsa,Egg
1004,Juice,Jam,Egg
1005,Juice,Jam,Egg
1006,Nachos,Salsa,Dairy
1007,Juice,Jam,Egg
1008,Juice,Jam,Egg
1009,Juice,Jam,Egg
1010,Nachos,Salsa,Dairy
1011,Nachos,Butter,Dairy
1012,Juice,Jam,Egg
1013,Juice,Jam,Egg
1014,Bread,Jam,Dairy
1015,Juice,Jam,Egg
1016,Bread,Butter,Egg
1017,Bread,Butter,Dairy
1018,Nachos,Salsa,Egg
1019,Juice,Vegetable,Egg
1020,Nachos,Salsa,Egg
1021,Nachos,Salsa,Dairy
1022,Bread,Jam,Dairy
1023,Juice,Jam,Egg
1024,Juice,Jam,Egg
1025,Fruits,Vegetable,Salad
1026,Bread,Jam,Egg
1027,Bread,Butter,Dairy
1028,Juice,Jam,Egg
1029,Bread,Butter,Egg
1030,Nachos,Salsa,Egg
1031,Bread,Jam,Dairy
1032,Bread,Butter,Egg
1033,Nachos,Salsa,Dairy
1034,Fruits,Vegetable,Salad
1035,Bread,Jam,Dairy
1036,Juice,Jam,Egg
1037,Fruits,Vegetable,Salad
1038,Bread,Jam,Dairy
1039,Juice,Jam,Egg
1040,Juice,Jam,Egg
1041,Nachos,Salsa,Dairy
1042,Bread,Butter,Egg
1043,Juice,Jam,Egg
1044,Bread,Jam,Dairy
1045,Fruits,Jam,Salad
1046,Nachos,Salsa,Egg
1047,Nachos,Salsa,Egg
1048,Juice,Jam,Egg
1049,Juice,Jam,Egg
1050,Fruits,Vegetable,Salad
1051,Fruits,Vegetable,Salad
1052,Fruits,Vegetable,Salad
1053,Bread,Jam,Egg
1054,Fruits,Vegetable,Salad
1055,Nachos,Butter,Dairy
1056,Bread,Butter,Egg
1057,Bread,Butter,Egg
1058,Nachos,Salsa,Egg
1059,Fruits,Vegetable,Salad
1060,Nachos,Salsa,Egg
1061,Nachos,Salsa,Egg
1062,Juice,Jam,Egg
1063,Fruits,Vegetable,Salad
1064,Bread,Butter,Egg
1065,Bread,Jam,Dairy
1066,Juice,Jam,Egg
1067,Bread,Butter,Egg
1068,Juice,Jam,Egg
1069,Nachos,Salsa,Egg
1070,Nachos,Salsa,Dairy
1071,Bread,Butter,Egg
1072,Juice,Jam,Egg
1073,Bread,Jam,Dairy
1074,Bread,Jam,Egg
1075,Juice,Jam,Egg
1076,Bread,Salsa,Dairy
1077,Bread,Butter,Egg
1078,Juice,Jam,Egg
1079,Nachos,Salsa,Egg
1080,Juice,Jam,Egg
1081,Nachos,Salsa,Egg
1082,Bread,Butter,Egg
1083,Bread,Butter,Egg
1084,Nachos,Salsa,Dairy
1085,Juice,Jam,Egg
1086,Fruits,Vegetable,Salad
1087,Fruits,Vegetable,Salad
1088,Nachos,Butter,Dairy
1089,Fruits,Vegetable,Salad
1090,Bread,Jam,Egg
1091,Juice,Jam,Egg
1092,Bread,Butter,Egg
1093,Juice,Vegetable,Salad
1094,Bread,Butter,Egg
1095,Juice,Jam,Egg
1096,Fruits,Vegetable,Salad
1097,Fruits,Vegetable,Salad
1098,Nachos,Salsa,Egg
1099,Nachos,Butter,Dairy
1100,Fruits,Vegetable,Salad
1101,Bread,Jam,Dairy
1102,Nachos,Salsa,Egg
1103,Juice,Jam,Egg
1104,Bread,Butter,Egg
1105,Nachos,Salsa,Dairy
1106,Fruits,Vegetable,Salad
1107,Nachos,Salsa,Dairy
1108,Juice,Vegetable,Egg
1109,Juice,Jam,Egg
1110,Juice,Vegetable,Salad
1111,Juice,Jam,Egg
1112,Nachos,Salsa,Dairy
1113,Bread,Jam,Dairy
1114,Juice,Jam,Egg
1115,Fruits,Vegetable,Salad
1116,Bread,Jam,Dairy
1117,Bread,Jam,Dairy
1118,Nachos,Salsa,Dairy
1119,Juice,Jam,Egg
1120,Bread,Butter,Egg
1121,Juice,Vegetable,Salad
1122,Bread,Jam,Dairy
1123,Nachos,Salsa,Egg
1124,Bread,Butter,Egg
1125,Bread,Jam,Dairy
1126,Juice,Jam,Egg
1127,Bread,Butter,Egg
1128,Bread,Jam,Dairy
1129,Juice,Jam,Egg
1130,Juice,Jam,Egg
1131,Bread,Jam,Egg
1132,Nachos,Salsa,Egg
1133,Bread,Jam,Egg
1134,Juice,Jam,Egg
1135,Fruits,Vegetable,Salad
1136,Bread,Butter,Egg
1137,Nachos,Salsa,Dairy
1138,Bread,Butter,Egg
1139,Bread,Butter,Egg
1140,Juice,Jam,Egg
1141,Nachos,Salsa,Dairy
1142,Bread,Jam,Dairy
1143,Nachos,Salsa,Dairy
1144,Nachos,Butter,Dairy
1145,Fruits,Vegetable,Salad
1146,Bread,Butter,Egg
1147,Nachos,Salsa,Egg
1148,Bread,Jam,Egg
1149,Fruits,Vegetable,Salad
1150,Juice,Jam,Egg
1151,Nachos,Salsa,Egg
1152,Juice,Jam,Egg
1153,Fruits,Vegetable,Salad
1154,Bread,Butter,Egg
1155,Bread,Jam,Egg
1156,Juice,Vegetable,Salad
1157,Bread,Butter,Egg
1158,Juice,Jam,Egg
1159,Bread,Butter,Egg
1160,Nachos,Salsa,Egg
1161,Bread,Butter,Egg
1162,Nachos,Salsa,Egg
1163,Juice,Jam,Egg
1164,Fruits,Vegetable,Salad
1165,Bread,Butter,Dairy
1166,Fruits,Vegetable,Salad
1167,Bread,Butter,Egg
1168,Bread,Butter,Egg
1169,Nachos,Salsa,Egg
1170,Fruits,Vegetable,Salad
1171,Fruits,Vegetable,Salad
1172,Bread,Jam,Egg
1173,Juice,Jam,Egg
1174,Fruits,Vegetable,Salad
1175,Bread,Butter,Egg
1176,Bread,Butter,Egg
1177,Bread,Butter,Egg
1178,Nachos,Salsa,Egg
1179,Bread,Salsa,Dairy
1180,Nachos,Salsa,Egg
1181,Nachos,Salsa,Dairy
1182,Fruits,Vegetable,Salad
1183,Nachos,Salsa,Egg
1184,Juice,Jam,Egg
1185,Juice,Jam,Egg
1186,Bread,Butter,Egg
1187,Nachos,Salsa,Egg
1188,Juice,Jam,Egg
1189,Bread,Jam,Egg
1190,Juice,Vegetable,Salad
1191,Bread,Butter,Egg
1192,Fruits,Vegetable,Salad
1193,Bread,Jam,Egg
1194,Juice,Jam,Egg
1195,Fruits,Vegetable,Salad
1196,Bread,Butter,Dairy
1197,Juice,Vegetable,Salad
1198,Fruits,Vegetable,Salad
1199,Fruits,Vegetable,Salad
1200,Juice,Jam,Egg
1201,Fruits,Vegetable,Salad
1202,Bread,Jam,Egg
1203,Juice,Jam,Egg
1204,Juice,Vegetable,Egg
1205,Bread,Butter,Egg
1206,Fruits,Vegetable,Salad
1207,Fruits,Vegetable,Salad
1208,Fruits,Vegetable,Salad
1209,Fruits,Vegetable,Salad
1210,Bread,Jam,Dairy
1211,Bread,Butter,Egg
1212,Bread,Butter,Egg
1213,Bread,Jam,Egg
1214,Bread,Jam,Egg
1215,Nachos,Butter,Dairy
1216,Fruits,Vegetable,Salad
1217,Fruits,Vegetable,Salad
1218,Juice,Jam,Egg
1219,Nachos,Salsa,Egg
1220,Juice,Jam,Egg
1221,Nachos,Salsa,Egg
1222,Juice,Jam,Egg
1223,Juice,Jam,Egg
1224,Juice,Jam,Egg
1225,Bread,Butter,Egg
1226,Bread,Butter,Egg
1227,Bread,Salsa,Dairy
1228,Bread,Jam,Egg
1229,Juice,Jam,Egg
1230,Juice,Jam,Egg
1231,Bread,Butter,Egg
1232,Juice,Jam,Egg
1233,Fruits,Vegetable,Salad
1234,Juice,Vegetable,Salad
1235,Nachos,Salsa,Egg
1236,Bread,Salsa,Dairy
1237,Bread,Butter,Egg
1238,Bread,Butter,Egg
1239,Juice,Jam,Egg
1240,Fruits,Vegetable,Salad
1241,Fruits,Vegetable,Salad
1242,Bread,Butter,Egg
1243,Juice,Jam,Egg
1244,Nachos,Salsa,Dairy
1245,Juice,Jam,Egg
1246,Fruits,Vegetable,Salad
1247,Bread,Jam,Dairy
1248,Nachos,Salsa,Dairy
1249,Bread,Jam,Egg
1250,Juice,Jam,Egg
1251,Juice,Jam,Egg
1252,Nachos,Salsa,Egg
1253,Nachos,Salsa,Egg
1254,Bread,Jam,Egg
1255,Juice,Jam,Egg
1256,Fruits,Vegetable,Salad
1257,Nachos,Butter,Dairy
1258,Nachos,Salsa,Dairy
1259,Fruits,Vegetable,Salad
1260,Bread,Butter,Egg
1261,Juice,Jam,Egg
1262,Bread,Jam,Egg
1263,Juice,Jam,Egg
1264,Fruits,Vegetable,Salad
1265,Bread,Butter,Egg
1266,Nachos,Salsa,Dairy
1267,Juice,Jam,Egg
1268,Bread,Butter,Dairy
1269,Nachos,Salsa,Egg
1270,Bread,Jam,Dairy
1271,Juice,Vegetable,Salad
1272,Fruits,Vegetable,Salad
1273,Juice,Jam,Egg
1274,Juice,Jam,Egg
1275,Nachos,Salsa,Dairy
1276,Nachos,Butter,Dairy
1277,Bread,Jam,Egg
1278,Nachos,Salsa,Egg
1279,Nachos,Salsa,Dairy
1280,Nachos,Salsa,Egg
1281,Juice,Jam,Egg
1282,Bread,Butter,Dairy
1283,Juice,Jam,Egg
1284,Juice,Jam,Egg
1285,Nachos,Salsa,Egg
1286,Fruits,Vegetable,Salad
1287,Fruits,Vegetable,Salad
1288,Fruits,Vegetable,Salad
1289,Bread,Jam,Dairy
1290,Nachos,Salsa,Dairy
1291,Bread,Butter,Dairy
1292,Juice,Jam,Egg
1293,Nachos,Salsa,Egg
1294,Bread,Butter,Egg
1295,Bread,Butter,Egg
1296,Bread,Butter,Egg
1297,Bread,Salsa,Dairy
1298,Juice,Jam,Egg
1299,Juice,Jam,Egg
1300,Juice,Jam,Egg
1301,Nachos,Salsa,Egg
1302,Juice,Jam,Egg
1303,Nachos,Salsa,Dairy
1304,Nachos,Butter,Dairy
1305,Fruits,Vegetable,Salad
1306,Bread,Butter,Egg
1307,Bread,Butter,Egg
1308,Bread,Butter,Dairy
1309,Bread,Jam,Egg
1310,Bread,Jam,Egg
1311,Bread,Butter,Egg
1312,Bread,Butter,Egg
1313,Fruits,Vegetable,Salad
1314,Nachos,Salsa,Dairy
1315,Bread,Butter,Egg
1316,Juice,Jam,Egg
1317,Juice,Jam,Egg
1318,Bread,Jam,Dairy
1319,Fruits,Vegetable,Salad
1320,Nachos,Salsa,Dairy
1321,Juice,Jam,Egg
1322,Juice,Jam,Egg
1323,Bread,Jam,Dairy
1324,Bread,Jam,Dairy
1325,Bread,Butter,Egg
1326,Nachos,Salsa,Egg
1327,Juice,Jam,Egg
1328,Juice,Jam,Egg
1329,Bread,Jam,Egg
1330,Juice,Jam,Egg
1331,Juice,Jam,Egg
1332,Bread,Butter,Dairy
1333,Nachos,Salsa,Dairy
1334,Fruits,Vegetable,Salad
1335,Bread,Jam,Egg
1336,Fruits,Vegetable,Salad
1337,Nachos,Salsa,Egg
1338,Juice,Jam,Egg
1339,Nachos,Salsa,Egg
1340,Bread,Jam,Dairy
1341,Nachos,Salsa,Egg
1342,Fruits,Vegetable,Salad
1343,Nachos,Salsa,Egg
1344,Nachos,Salsa,Dairy
1345,Nachos,Salsa,Egg
1346,Fruits,Vegetable,Salad
1347,Bread,Jam,Dairy
1348,Bread,Butter,Egg
1349,Bread,Jam,Egg
1350,Fruits,Vegetable,Salad
1351,Bread,Butter,Egg
1352,Juice,Jam,Egg
1353,Fruits,Jam,Salad
1354,Bread,Butter,Egg
1355,Bread,Butter,Egg
1356,Nachos,Salsa,Egg
1357,Bread,Jam,Egg
1358,Juice,Jam,Egg
1359,Fruits,Vegetable,Salad
1360,Juice,Jam,Egg
1361,Bread,Jam,Dairy
1362,Bread,Salsa,Dairy
1363,Nachos,Salsa,Egg
1364,Nachos,Salsa,Egg
1365,Fruits,Vegetable,Salad
1366,Bread,Jam,Egg
1367,Bread,Jam,Dairy
1368,Bread,Jam,Dairy
1369,Nachos,Salsa,Egg
1370,Nachos,Salsa,Egg
1371,Bread,Butter,Egg
1372,Nachos,Salsa,Egg
1373,Fruits,Vegetable,Salad
1374,Fruits,Vegetable,Salad
1375,Bread,Jam,Egg
1376,Bread,Butter,Egg
1377,Bread,Butter,Egg
1378,Nachos,Salsa,Dairy
1379,Nachos,Salsa,Egg
1380,Juice,Vegetable,Salad
1381,Bread,Butter,Egg
1382,Fruits,Vegetable,Salad
1383,Fruits,Vegetable,Salad
1384,Nachos,Salsa,Egg
1385,Juice,Jam,Egg
1386,Bread,Butter,Dairy
1387,Juice,Jam,Egg
1388,Fruits,Vegetable,Salad
1389,Juice,Vegetable,Salad
1390,Juice,Vegetable,Salad
1391,Bread,Butter,Egg
1392,Bread,Jam,Egg
1393,Bread,Jam,Egg
1394,Fruits,Jam,Salad
1395,Bread,Butter,Egg
1396,Fruits,Vegetable,Salad
1397,Fruits,Vegetable,Salad
1398,Fruits,Jam,Salad
1399,Nachos,Salsa,Dairy
1400,Juice,Jam,Egg
1401,Bread,Jam,Dairy
1402,Juice,Jam,Egg
1403,Bread,Salsa,Dairy
1404,Fruits,Vegetable,Salad
1405,Nachos,Salsa,Egg
1406,Nachos,Salsa,Dairy
1407,Bread,Butter,Egg
1408,Juice,Jam,Egg
1409,Fruits,Vegetable,Salad
1410,Bread,Butter,Egg
1411,Nachos,Salsa,Egg
1412,Juice,Jam,Egg
1413,Bread,Butter,Egg
1414,Bread,Jam,Dairy
1415,Bread,Jam,Egg
1416,Nachos,Salsa,Egg
1417,Juice,Jam,Egg
1418,Fruits,Vegetable,Salad
1419,Bread,Butter,Egg
1420,Nachos,Salsa,Egg
1421,Juice,Jam,Egg
1422,Nachos,Salsa,Dairy
1423,Juice,Vegetable,Egg
1424,Bread,Butter,Egg
1425,Fruits,Vegetable,Salad
1426,Fruits,Vegetable,Salad
1427,Juice,Vegetable,Salad
1428,Nachos,Salsa,Egg
1429,Bread,Butter,Egg
1430,Bread,Butter,Egg
1431,Juice,Vegetable,Salad
1432,Fruits,Vegetable,Salad
1433,Bread,Jam,Dairy
1434,Juice,Vegetable,Salad
1435,Nachos,Salsa,Egg
1436,Nachos,Salsa,Egg
1437,Juice,Jam,Egg
1438,Juice,Jam,Egg
1439,Juice,Jam,Egg
1440,Bread,Butter,Egg
1441,Fruits,Vegetable,Salad
1442,Bread,Butter,Egg
1443,Juice,Vegetable,Salad
1444,Bread,Butter,Egg
1445,Bread,Butter,Egg
1446,Fruits,Vegetable,Salad
1447,Fruits,Vegetable,Salad
1448,Nachos,Salsa,Dairy
1449,Nachos,Salsa,Dairy
1450,Bread,Butter,Egg
1451,Juice,Jam,Egg
1452,Fruits,Vegetable,Salad
1453,Juice,Jam,Egg
1454,Juice,Jam,Egg
1455,Fruits,Vegetable,Salad
1456,Bread,Jam,Egg
1457,Juice,Jam,Egg
1458,Juice,Jam,Egg
1459,Bread,Jam,Dairy
1460,Juice,Jam,Egg
1461,Juice,Vegetable,Salad
1462,Fruits,Vegetable,Salad
1463,Bread,Butter,Egg
1464,Nachos,Salsa,Egg
1465,Nachos,Salsa,Egg
1466,Bread,Butter,Egg
1467,Juice,Jam,Egg
1468,Nachos,Salsa,Egg
1469,Juice,Vegetable,Salad
1470,Fruits,Vegetable,Salad
1471,Nachos,Salsa,Egg
1472,Juice,Jam,Egg
1473,Bread,Jam,Egg
1474,Juice,Jam,Egg
1475,Juice,Jam,Egg
1476,Bread,Jam,Dairy
1477,Fruits,Vegetable,Salad
1478,Juice,Vegetable,Salad
1479,Fruits,Vegetable,Salad
1480,Bread,Butter,Egg
1481,Bread,Jam,Dairy
1482,Juice,Jam,Egg
1483,Nachos,Salsa,Egg
1484,Bread,Butter,Egg
1485,Juice,Vegetable,Salad
1486,Nachos,Salsa,Egg
1487,Fruits,Vegetable,Salad
1488,Fruits,Vegetable,Salad
1489,Bread,Butter,Egg
1490,Nachos,Salsa,Dairy
1491,Juice,Jam,Egg
1492,Juice,Jam,Egg
1493,Nachos,Salsa,Egg
1494,Nachos,Salsa,Egg
1495,Juice,Jam,Egg
1496,Bread,Butter,Egg
1497,Nachos,Salsa,Dairy
1498,Bread,Jam,Egg
1499,Juice,Jam,Egg
1500,Fruits,Vegetable,Salad
1501,Fruits,Vegetable,Salad
1502,Fruits,Vegetable,Salad
1503,Bread,Butter,Dairy
1504,Juice,Jam,Egg
1505,Bread,Butter,Egg
1506,Nachos,Salsa,Dairy
1507,Nachos,Salsa,Egg
1508,Nachos,Butter,Dairy
1509,Bread,Butter,Egg
1510,Nachos,Butter,Dairy
1511,Fruits,Vegetable,Salad
1512,Juice,Jam,Egg
1513,Juice,Jam,Egg
1514,Juice,Jam,Egg
1515,Fruits,Vegetable,Salad
1516,Bread,Butter,Egg
1517,Fruits,Vegetable,Salad
1518,Nachos,Salsa,Egg
1519,Bread,Butter,Egg
1520,Juice,Jam,Egg
1521,Juice,Jam,Egg
1522,Juice,Jam,Egg
1523,Bread,Jam,Dairy
1524,Fruits,Vegetable,Salad
1525,Juice,Vegetable,Salad
1526,Nachos,Salsa,Egg
1527,Bread,Salsa,Dairy
1528,Nachos,Salsa,Dairy
1529,Nachos,Butter,Dairy
1530,Bread,Jam,Dairy
1531,Juice,Jam,Egg
1532,Juice,Jam,Egg
1533,Nachos,Salsa,Egg
1534,Bread,Butter,Egg
1535,Nachos,Salsa,Egg
1536,Juice,Jam,Egg
1537,Bread,Butter,Egg
1538,Bread,Butter,Egg
1539,Fruits,Vegetable,Salad
1540,Juice,Jam,Egg
1541,Nachos,Salsa,Egg
1542,Juice,Jam,Egg
1543,Nachos,Salsa,Dairy
1544,Juice,Jam,Egg
1545,Fruits,Vegetable,Salad
1546,Fruits,Vegetable,Salad
1547,Bread,Butter,Egg
1548,Nachos,Salsa,Egg
1549,Bread,Butter,Egg
1550,Juice,Jam,Egg
1551,Fruits,Vegetable,Salad
1552,Bread,Jam,Dairy
1553,Bread,Butter,Egg
1554,Fruits,Vegetable,Salad
1555,Nachos,Salsa,Egg
1556,Juice,Jam,Egg
1557,Fruits,Vegetable,Salad
1558,Fruits,Vegetable,Salad
1559,Fruits,Vegetable,Salad
1560,Nachos,Salsa,Egg
1561,Nachos,Salsa,Egg
1562,Bread,Jam,Egg
1563,Juice,Jam,Egg
1564,Nachos,Salsa,Egg
1565,Bread,Butter,Egg
1566,Juice,Jam,Egg
1567,Bread,Jam,Egg
1568,Bread,Butter,Egg
1569,Bread,Butter,Egg
1570,Juice,Jam,Egg
1571,Juice,Vegetable,Salad
1572,Fruits,Vegetable,Salad
1573,Juice,Jam,Egg
1574,Bread,Butter,Egg
1575,Nachos,Salsa,Dairy
1576,Juice,Vegetable,Salad
1577,Fruits,Vegetable,Salad
1578,Juice,Jam,Egg
1579,Juice,Jam,Egg
1580,Fruits,Vegetable,Salad
1581,Bread,Jam,Egg
1582,Bread,Butter,Egg
1583,Juice,Jam,Egg
1584,Bread,Butter,Dairy
1585,Juice,Vegetable,Salad
1586,Fruits,Vegetable,Salad
1587,Nachos,Salsa,Egg
1588,Fruits,Vegetable,Salad
1589,Nachos,Salsa,Egg
1590,Nachos,Salsa,Egg
1591,Bread,Butter,Egg
1592,Fruits,Vegetable,Salad
1593,Bread,Jam,Dairy
1594,Juice,Jam,Egg
1595,Juice,Vegetable,Salad
1596,Fruits,Vegetable,Salad
1597,Nachos,Salsa,Dairy
1598,Nachos,Salsa,Egg
1599,Bread,Jam,Egg
1600,Fruits,Vegetable,Salad
1601,Nachos,Salsa,Dairy
1602,Bread,Jam,Dairy
1603,Bread,Butter,Egg
1604,Bread,Butter,Egg
1605,Nachos,Salsa,Egg
1606,Bread,Jam,Egg
1607,Bread,Butter,Egg
1608,Fruits,Vegetable,Salad
1609,Juice,Jam,Egg
1610,Juice,Vegetable,Salad
1611,Bread,Jam,Egg
1612,Fruits,Vegetable,Salad
1613,Juice,Vegetable,Salad
1614,Juice,Jam,Egg
1615,Juice,Jam,Egg
1616,Bread,Butter,Egg
1617,Bread,Butter,Egg
1618,Juice,Jam,Egg
1619,Bread,Jam,Egg
1620,Fruits,Vegetable,Salad
1621,Fruits,Vegetable,Salad
1622,Fruits,Jam,Salad
1623,Nachos,Salsa,Egg
1624,Nachos,Salsa,Egg
1625,Fruits,Vegetable,Salad
1626,Bread,Butter,Egg
1627,Bread,Butter,Egg
1628,Juice,Vegetable,Salad
1629,Juice,Jam,Egg
1630,Bread,Butter,Egg
1631,Nachos,Salsa,Dairy
1632,Juice,Jam,Egg
1633,Bread,Butter,Dairy
1634,Nachos,Butter,Dairy
1635,Bread,Butter,Egg
1636,Fruits,Vegetable,Salad
1637,Bread,Butter,Egg
1638,Fruits,Vegetable,Salad
1639,Bread,Jam,Egg
1640,Fruits,Vegetable,Salad
1641,Nachos,Butter,Dairy
1642,Juice,Vegetable,Egg
1643,Bread,Jam,Egg
1644,Juice,Jam,Egg
1645,Juice,Jam,Egg
1646,Fruits,Jam,Salad
1647,Juice,Jam,Egg
1648,Fruits,Vegetable,Salad
1649,Bread,Butter,Egg
1650,Nachos,Salsa,Egg
1651,Bread,Jam,Dairy
1652,Nachos,Butter,Dairy
1653,Nachos,Salsa,Egg
1654,Bread,Butter,Dairy
1655,Bread,Butter,Egg
1656,Nachos,Salsa,Dairy
1657,Juice,Vegetable,Salad
1658,Nachos,Salsa,Dairy
1659,Fruits,Vegetable,Salad
1660,Fruits,Vegetable,Salad
1661,Nachos,Butter,Dairy
1662,Bread,Butter,Egg
1663,Bread,Butter,Egg
1664,Bread,Butter,Dairy
1665,Nachos,Salsa,Dairy
1666,Juice,Jam,Egg
1667,Bread,Butter,Egg
1668,Juice,Vegetable,Salad
1669,Bread,Butter,Egg
1670,Bread,Butter,Egg
1671,Nachos,Salsa,Egg
1672,Fruits,Vegetable,Salad
1673,Bread,Jam,Dairy
1674,Fruits,Vegetable,Salad
1675,Juice,Jam,Egg
1676,Bread,Butter,Egg
1677,Bread,Butter,Dairy
1678,Nachos,Salsa,Dairy
1679,Juice,Jam,Egg
1680,Bread,Butter,Egg
1681,Fruits,Vegetable,Salad
1682,Bread,Butter,Egg
1683,Bread,Jam,Egg
1684,Nachos,Salsa,Egg
1685,Juice,Vegetable,Salad
1686,Juice,Jam,Egg
1687,Bread,Butter,Egg
1688,Nachos,Salsa,Dairy
1689,Bread,Jam,Egg
1690,Juice,Jam,Egg
1691,Juice,Jam,Egg
1692,Bread,Butter,Egg
1693,Juice,Jam,Egg
1694,Nachos,Salsa,Dairy
1695,Bread,Butter,Egg
1696,Juice,Jam,Egg
1697,Bread,Butter,Egg
1698,Juice,Jam,Egg
1699,Bread,Butter,Egg
1700,Juice,Jam,Egg
1701,Bread,Butter,Egg
1702,Nachos,Salsa,Egg
1703,Bread,Butter,Egg
1704,Bread,Jam,Dairy
1705,Juice,Vegetable,Salad
1706,Bread,Jam,Dairy
1707,Bread,Jam,Dairy
1708,Juice,Jam,Egg
1709,Juice,Jam,Egg
1710,Fruits,Vegetable,Salad
1711,Nachos,Salsa,Egg
1712,Juice,Jam,Egg
1713,Bread,Butter,Egg
1714,Fruits,Vegetable,Salad
1715,Bread,Butter,Egg
1716,Juice,Jam,Egg
1717,Bread,Butter,Egg
1718,Fruits,Vegetable,Salad
1719,Nachos,Salsa,Egg
1720,Juice,Jam,Egg
1721,Juice,Vegetable,Salad
1722,Bread,Butter,Egg
1723,Nachos,Salsa,Egg
1724,Juice,Jam,Egg
1725,Juice,Jam,Egg
1726,Fruits,Jam,Salad
1727,Nachos,Butter,Dairy
1728,Juice,Jam,Egg
1729,Nachos,Salsa,Egg
1730,Bread,Butter,Egg
1731,Juice,Vegetable,Salad
1732,Nachos,Butter,Dairy
1733,Bread,Jam,Egg
1734,Bread,Jam,Egg
1735,Bread,Jam,Dairy
1736,Nachos,Salsa,Egg
1737,Bread,Jam,Egg
1738,Juice,Jam,Egg
1739,Bread,Butter,Egg
1740,Fruits,Vegetable,Salad
1741,Bread,Jam,Dairy
1742,Bread,Jam,Egg
1743,Juice,Jam,Egg
1744,Bread,Butter,Egg
1745,Nachos,Salsa,Egg
1746,Bread,Jam,Egg
1747,Juice,Vegetable,Salad
1748,Bread,Butter,Egg
1749,Juice,Jam,Egg
1750,Fruits,Vegetable,Salad
1751,Juice,Jam,Egg
1752,Bread,Jam,Dairy
1753,Nachos,Salsa,Egg
1754,Bread,Jam,Dairy
1755,Fruits,Vegetable,Salad
1756,Nachos,Salsa,Dairy
1757,Bread,Butter,Egg
1758,Nachos,Salsa,Dairy
1759,Nachos,Salsa,Egg
1760,Juice,Jam,Egg
1761,Bread,Butter,Egg
1762,Juice,Jam,Egg
1763,Juice,Jam,Egg
1764,Nachos,Salsa,Dairy
1765,Nachos,Salsa,Egg
1766,Bread,Jam,Dairy
1767,Bread,Butter,Egg
1768,Juice,Jam,Egg
1769,Fruits,Vegetable,Salad
1770,Bread,Butter,Dairy
1771,Juice,Jam,Egg
1772,Juice,Jam,Egg
1773,Fruits,Vegetable,Salad
1774,Bread,Butter,Egg
1775,Fruits,Vegetable,Salad
1776,Bread,Butter,Egg
1777,Bread,Butter,Dairy
1778,Nachos,Salsa,Dairy
1779,Nachos,Salsa,Egg
1780,Fruits,Vegetable,Salad
1781,Fruits,Vegetable,Salad
1782,Bread,Butter,Egg
1783,Nachos,Salsa,Dairy
1784,Fruits,Vegetable,Salad
1785,Bread,Butter,Egg
1786,Juice,Jam,Egg
1787,Bread,Butter,Egg
1788,Juice,Jam,Egg
1789,Fruits,Vegetable,Salad
1790,Fruits,Vegetable,Salad
1791,Nachos,Salsa,Dairy
1792,Fruits,Vegetable,Salad
1793,Juice,Jam,Egg
1794,Bread,Butter,Egg
1795,Bread,Butter,Dairy
1796,Fruits,Vegetable,Salad
1797,Fruits,Vegetable,Salad
1798,Nachos,Salsa,Egg
1799,Bread,Butter,Egg
1800,Nachos,Butter,Dairy
1801,Nachos,Butter,Dairy
1802,Fruits,Vegetable,Salad
1803,Fruits,Vegetable,Salad
1804,Bread,Butter,Egg
1805,Bread,Butter,Egg
1806,Fruits,Vegetable,Salad
1807,Bread,Butter,Egg
1808,Bread,Butter,Egg
1809,Nachos,Salsa,Egg
1810,Juice,Jam,Egg
1811,Bread,Jam,Egg
1812,Fruits,Vegetable,Salad
1813,Bread,Butter,Dairy
1814,Nachos,Salsa,Dairy
1815,Fruits,Vegetable,Salad
1816,Bread,Butter,Egg
1817,Fruits,Vegetable,Salad
1818,Juice,Jam,Egg
1819,Bread,Butter,Egg
1820,Juice,Jam,Egg
1821,Bread,Jam,Egg
1822,Bread,Butter,Egg
1823,Bread,Butter,Egg
1824,Bread,Jam,Dairy
1825,Bread,Butter,Egg
1826,Fruits,Vegetable,Salad
1827,Bread,Butter,Egg
1828,Bread,Butter,Egg
1829,Fruits,Vegetable,Salad
1830,Fruits,Vegetable,Salad
1831,Fruits,Vegetable,Salad
1832,Bread,Butter,Egg
1833,Bread,Butter,Egg
1834,Juice,Vegetable,Egg
1835,Juice,Jam,Egg
1836,Bread,Jam,Egg
1837,Juice,Jam,Egg
1838,Fruits,Vegetable,Salad
1839,Bread,Butter,Egg
1840,Juice,Jam,Egg
1841,Bread,Jam,Dairy
1842,Fruits,Vegetable,Salad
1843,Bread,Salsa,Dairy
1844,Bread,Jam,Dairy
1845,Nachos,Salsa,Dairy
1846,Juice,Jam,Egg
1847,Fruits,Vegetable,Salad
1848,Juice,Vegetable,Egg
1849,Fruits,Vegetable,Salad
1850,Bread,Butter,Egg
1851,Bread,Butter,Egg
1852,Bread,Butter,Egg
1853,Bread,Jam,Dairy
1854,Juice,Jam,Egg
1855,Bread,Butter,Egg
1856,Juice,Jam,Egg
1857,Juice,Jam,Egg
1858,Nachos,Butter,Dairy
1859,Bread,Jam,Egg
1860,Bread,Butter,Egg
1861,Nachos,Salsa,Egg
1862,Juice,Jam,Egg
1863,Juice,Jam,Egg
1864,Bread,Jam,Egg
1865,Nachos,Salsa,Dairy
1866,Bread,Butter,Egg
1867,Bread,Butter,Egg
1868,Bread,Butter,Dairy
1869,Bread,Butter,Egg
1870,Bread,Jam,Dairy
1871,Juice,Jam,Egg
1872,Bread,Butter,Egg
1873,Nachos,Salsa,Egg
1874,Bread,Jam,Dairy
1875,Nachos,Salsa,Egg
1876,Juice,Jam,Egg
1877,Bread,Butter,Egg
1878,Fruits,Vegetable,Salad
1879,Fruits,Vegetable,Salad
1880,Nachos,Salsa,Dairy
1881,Nachos,Salsa,Egg
1882,Fruits,Vegetable,Salad
1883,Nachos,Salsa,Dairy
1884,Juice,Jam,Egg
1885,Fruits,Jam,Salad
1886,Juice,Vegetable,Salad
1887,Juice,Jam,Egg
1888,Fruits,Vegetable,Salad
1889,Bread,Butter,Egg
1890,Nachos,Salsa,Egg
1891,Bread,Butter,Egg
1892,Nachos,Butter,Dairy
1893,Bread,Butter,Egg
1894,Fruits,Vegetable,Salad
1895,Juice,Vegetable,Salad
1896,Fruits,Vegetable,Salad
1897,Juice,Jam,Egg
1898,Bread,Butter,Egg
1899,Bread,Butter,Egg
1900,Fruits,Vegetable,Salad
1901,Fruits,Vegetable,Salad
1902,Juice,Jam,Egg
1903,Bread,Butter,Egg
1904,Bread,Butter,Dairy
1905,Fruits,Vegetable,Salad
1906,Fruits,Jam,Salad
1907,Juice,Jam,Egg
1908,Bread,Jam,Dairy
1909,Bread,Butter,Egg
1910,Fruits,Vegetable,Salad
1911,Nachos,Salsa,Egg
1912,Nachos,Salsa,Egg
1913,Juice,Jam,Egg
1914,Juice,Jam,Egg
1915,Bread,Butter,Egg
1916,Nachos,Salsa,Egg
1917,Juice,Jam,Egg
1918,Nachos,Salsa,Dairy
1919,Fruits,Vegetable,Salad
1920,Bread,Jam,Dairy
1921,Bread,Butter,Egg
1922,Bread,Jam,Dairy
1923,Juice,Jam,Egg
1924,Fruits,Vegetable,Salad
1925,Bread,Butter,Dairy
1926,Nachos,Salsa,Egg
1927,Juice,Jam,Egg
1928,Fruits,Vegetable,Salad
1929,Nachos,Salsa,Dairy
1930,Nachos,Salsa,Egg
1931,Bread,Butter,Egg
1932,Fruits,Jam,Salad
1933,Bread,Butter,Egg
1934,Juice,Jam,Egg
1935,Juice,Vegetable,Salad
1936,Nachos,Salsa,Egg
1937,Fruits,Jam,Salad
1938,Nachos,Salsa,Egg
1939,Bread,Jam,Dairy
1940,Bread,Jam,Egg
1941,Fruits,Vegetable,Salad
1942,Bread,Butter,Egg
1943,Nachos,Butter,Dairy
1944,Nachos,Butter,Dairy
1945,Juice,Jam,Egg
1946,Nachos,Salsa,Dairy
1947,Bread,Jam,Egg
1948,Bread,Jam,Egg
1949,Juice,Jam,Egg
1950,Juice,Jam,Egg
1951,Juice,Jam,Egg
1952,Fruits,Vegetable,Salad
1953,Nachos,Salsa,Dairy
1954,Nachos,Salsa,Dairy
1955,Bread,Jam,Egg
1956,Fruits,Vegetable,Salad
1957,Juice,Jam,Egg
1958,Fruits,Vegetable,Salad
1959,Bread,Butter,Egg
1960,Bread,Butter,Egg
1961,Bread,Butter,Egg
1962,Nachos,Salsa,Dairy
1963,Nachos,Salsa,Dairy
1964,Nachos,Salsa,Dairy
1965,Juice,Jam,Egg
1966,Fruits,Vegetable,Salad
1967,Nachos,Salsa,Dairy
1968,Nachos,Butter,Dairy
1969,Juice,Jam,Egg
1970,Bread,Butter,Egg
1971,Bread,Butter,Dairy
1972,Juice,Jam,Egg
1973,Nachos,Salsa,Dairy
1974,Fruits,Vegetable,Salad
1975,Bread,Butter,Egg
1976,Juice,Jam,Egg
1977,Fruits,Vegetable,Salad
1978,Bread,Butter,Egg
1979,Juice,Jam,Egg
1980,Nachos,Salsa,Dairy
1981,Nachos,Salsa,Egg
1982,Juice,Jam,Egg
1983,Juice,Jam,Egg
1984,Juice,Jam,Egg
1985,Juice,Vegetable,Egg
1986,Juice,Jam,Egg
1987,Juice,Vegetable,Salad
1988,Bread,Butter,Egg
1989,Nachos,Salsa,Egg
1990,Fruits,Vegetable,Salad
1991,Fruits,Vegetable,Salad
1992,Nachos,Salsa,Egg
1993,Juice,Vegetable,Salad
1994,Bread,Butter,Egg
1995,Bread,Butter,Egg
1996,Nachos,Salsa,Egg
1997,Juice,Jam,Egg
1998,Juice,Jam,Egg
1999,Juice,Jam,Egg
2000,Bread,Jam,Dairy
